cell_id,latitude,longitude,elevation_meters
0,18.98,72.8,0.0
1,18.98,72.82,9.0
2,18.98,72.84,13.0
3,18.98,72.86,8.0
4,18.98,72.88,0.0
5,18.98,72.9,0.0
6,18.98,72.92,0.0
7,18.98,72.94,0.0
8,18.98,72.96,0.0
9,19.0,72.8,0.0
10,19.0,72.82,10.0
11,19.0,72.84,15.0
12,19.0,72.86,12.0
13,19.0,72.88,0.0
14,19.0,72.9,6.0
15,19.0,72.92,5.0
16,19.0,72.94,0.0
17,19.0,72.96,0.0
18,19.02,72.8,0.0
19,19.02,72.82,0.0
20,19.02,72.84,11.0
21,19.02,72.86,14.0
22,19.02,72.88,4.0
23,19.02,72.9,16.0
24,19.02,72.92,94.0
25,19.02,72.94,6.0
26,19.02,72.96,0.0
27,19.04,72.8,0.0
28,19.04,72.82,0.0
29,19.04,72.84,11.0
30,19.04,72.86,9.0
31,19.04,72.88,3.0
32,19.04,72.9,19.0
33,19.04,72.92,22.0
34,19.04,72.94,15.0
35,19.04,72.96,6.0
36,19.06,72.8,0.0
37,19.06,72.82,0.0
38,19.06,72.84,7.0
39,19.06,72.86,9.0
40,19.06,72.88,9.0
41,19.06,72.9,15.0
42,19.06,72.92,7.0
43,19.06,72.94,6.0
44,19.06,72.96,4.0
45,19.08,72.8,0.0
46,19.08,72.82,0.0
47,19.08,72.84,12.0
48,19.08,72.86,22.0
49,19.08,72.88,9.0
50,19.08,72.9,13.0
51,19.08,72.92,6.0
52,19.08,72.94,3.0
53,19.08,72.96,0.0
54,19.1,72.8,0.0
55,19.1,72.82,0.0
56,19.1,72.84,12.0
57,19.1,72.86,16.0
58,19.1,72.88,9.0
59,19.1,72.9,42.0
60,19.1,72.92,22.0
61,19.1,72.94,4.0
62,19.1,72.96,0.0
63,19.12,72.8,0.0
64,19.12,72.82,2.0
65,19.12,72.84,25.0
66,19.12,72.86,37.0
67,19.12,72.88,29.0
68,19.12,72.9,36.0
69,19.12,72.92,67.0
70,19.12,72.94,8.0
71,19.12,72.96,8.0
72,19.14,72.8,0.0
73,19.14,72.82,10.0
74,19.14,72.84,15.0
75,19.14,72.86,35.0
76,19.14,72.88,50.0
77,19.14,72.9,53.0
78,19.14,72.92,65.0
79,19.14,72.94,5.0
80,19.14,72.96,4.0
81,19.16,72.8,5.0
82,19.16,72.82,4.0
83,19.16,72.84,13.0
84,19.16,72.86,16.0
85,19.16,72.88,39.0
86,19.16,72.9,134.0
87,19.16,72.92,53.0
88,19.16,72.94,15.0
89,19.16,72.96,3.0
