timestamp,precipitation_mm,temperature_c,relative_humidity_pct,surface_pressure_hpa,wind_speed_10m_kmh,wind_direction_10m_deg,wind_gusts_10m_kmh,soil_moisture_0_to_7cm_m3m3
2024-07-26T00:00,0.1,26.5,85,1000.7,21.1,262,40.3,0.425
2024-07-26T01:00,2.4,25.6,92,1000.9,17.6,226,41.8,0.435
2024-07-26T02:00,2.4,25.3,93,1001.3,25.3,253,43.9,0.439
2024-07-26T03:00,2.4,25.4,92,1002.3,17.0,253,44.6,0.439
2024-07-26T04:00,2.3,25.5,92,1002.5,19.9,250,39.6,0.438
2024-07-26T05:00,1.1,26.0,92,1002.6,20.5,268,42.5,0.439
2024-07-26T06:00,3.3,26.1,91,1002.4,15.1,273,40.0,0.432
2024-07-26T07:00,0.1,28.2,86,1002.0,19.4,255,36.7,0.427
2024-07-26T08:00,0.3,28.6,82,1001.6,23.0,256,40.3,0.424
2024-07-26T09:00,0.5,28.1,83,1000.9,26.1,255,45.4,0.424
2024-07-26T10:00,0.5,28.4,84,1000.3,27.7,254,50.4,0.423
2024-07-26T11:00,0.8,28.2,87,1000.1,27.1,251,50.8,0.426
2024-07-26T12:00,0.1,28.0,86,1000.2,26.0,246,49.7,0.423
2024-07-26T13:00,0.2,27.0,86,1001.5,24.1,250,42.1,0.404
2024-07-26T14:00,0.4,26.8,86,1001.7,26.0,248,45.4,0.406
2024-07-26T15:00,0.0,27.3,84,1002.1,26.6,251,47.2,0.405
2024-07-26T16:00,0.0,27.1,84,1002.7,24.8,253,47.9,0.405
2024-07-26T17:00,0.0,27.4,80,1003.2,26.7,254,46.4,0.404
2024-07-26T18:00,0.1,27.3,83,1003.1,25.6,253,47.9,0.403
2024-07-26T19:00,0.2,27.0,82,1002.5,25.0,258,45.4,0.404
2024-07-26T20:00,0.1,27.2,82,1002.0,27.1,256,47.9,0.403
2024-07-26T21:00,0.1,27.1,85,1001.3,27.0,257,48.2,0.403
2024-07-26T22:00,0.1,27.1,82,1001.4,25.2,261,48.2,0.404
2024-07-26T23:00,0.1,27.4,80,1001.6,24.4,261,44.6,0.403
2024-07-27T00:00,0.7,26.5,84,1002.0,25.5,262,44.6,0.408
2024-07-27T01:00,1.5,26.2,91,1002.8,24.6,259,47.5,0.436
2024-07-27T02:00,2.1,26.7,86,1003.2,23.9,258,45.0,0.43
2024-07-27T03:00,0.2,26.9,86,1003.6,25.8,257,43.9,0.427
2024-07-27T04:00,0.1,27.5,83,1003.7,26.8,258,47.9,0.424
2024-07-27T05:00,0.4,27.6,83,1003.7,26.5,258,48.6,0.423
2024-07-27T06:00,0.4,28.0,83,1003.5,26.7,254,54.0,0.422
2024-07-27T07:00,0.4,28.2,81,1002.8,28.4,255,54.0,0.422
2024-07-27T08:00,0.0,28.6,79,1002.5,27.7,254,55.1,0.418
2024-07-27T09:00,0.0,28.8,78,1001.8,28.3,255,55.4,0.414
2024-07-27T10:00,0.0,28.8,77,1001.3,29.3,256,55.4,0.411
2024-07-27T11:00,0.1,28.3,78,1001.1,28.7,258,54.7,0.409
2024-07-27T12:00,0.1,27.9,77,1000.8,27.2,255,52.9,0.408
2024-07-27T13:00,0.2,26.6,86,1001.6,20.7,263,39.2,0.411
2024-07-27T14:00,0.0,26.6,87,1001.8,20.5,260,36.7,0.41
2024-07-27T15:00,0.3,26.4,87,1002.2,20.5,259,36.4,0.41
2024-07-27T16:00,0.2,26.4,88,1002.7,21.0,257,36.4,0.411
2024-07-27T17:00,0.7,25.8,90,1003.0,20.0,262,37.4,0.416
2024-07-27T18:00,0.2,26.6,86,1002.3,20.4,256,34.9,0.416
2024-07-27T19:00,0.4,26.4,85,1001.7,22.1,258,40.7,0.417
2024-07-27T20:00,0.1,26.7,84,1001.0,22.2,257,37.8,0.415
2024-07-27T21:00,0.2,26.2,89,1000.4,22.5,258,38.9,0.415
2024-07-27T22:00,0.1,26.7,86,1000.1,24.2,259,41.4,0.414
2024-07-27T23:00,0.4,26.5,87,1000.2,22.0,265,42.1,0.416
2024-07-28T00:00,0.9,26.2,91,1000.4,20.9,259,39.2,0.423
2024-07-28T01:00,0.2,27.1,86,1000.5,23.9,264,46.8,0.414
2024-07-28T02:00,0.1,27.4,86,1001.2,22.9,263,41.0,0.413
2024-07-28T03:00,0.2,28.0,85,1001.3,24.6,263,44.6,0.412
2024-07-28T04:00,0.0,28.6,82,1001.4,27.1,265,50.4,0.41
2024-07-28T05:00,0.0,29.3,79,1001.5,26.2,261,50.4,0.407
2024-07-28T06:00,0.1,29.0,78,1001.3,25.4,263,51.5,0.405
2024-07-28T07:00,0.7,27.8,81,1000.7,23.6,262,49.0,0.408
2024-07-28T08:00,1.2,26.8,90,1000.0,23.0,261,47.2,0.416
2024-07-28T09:00,1.7,26.6,87,999.4,24.5,267,45.0,0.428
2024-07-28T10:00,1.4,27.1,87,999.0,22.3,268,45.4,0.433
2024-07-28T11:00,2.9,26.3,89,998.4,19.8,258,40.0,0.439
2024-07-28T12:00,0.7,27.4,89,997.9,21.1,262,36.7,0.431
2024-07-28T13:00,1.5,26.1,92,998.4,14.0,252,27.7,0.437
2024-07-28T14:00,3.9,26.2,91,998.9,17.0,253,28.1,0.436
2024-07-28T15:00,1.1,26.4,91,999.0,16.6,257,31.3,0.435
2024-07-28T16:00,0.9,26.0,92,999.4,16.5,254,29.9,0.435
2024-07-28T17:00,0.2,26.4,88,999.4,22.1,254,37.4,0.431
2024-07-28T18:00,0.1,26.5,88,999.1,22.7,252,38.5,0.426
2024-07-28T19:00,0.2,26.7,89,998.5,22.3,249,40.0,0.424
2024-07-28T20:00,0.4,26.4,87,998.0,25.4,254,43.9,0.424
2024-07-28T21:00,1.2,26.0,88,997.6,24.0,246,44.3,0.434
2024-07-28T22:00,2.0,26.1,89,997.5,23.3,250,41.8,0.439
2024-07-28T23:00,4.2,25.7,91,997.6,20.8,247,40.3,0.437
