cell_index,lat,lon,elevation_m,slope_deg,drainage_outfall_dist_m,runoff_coefficient,is_depression_bowl
0,18.98,72.8,0.0,0.51,7943.3,0.88,True
1,18.98,72.82,9.0,1.93,6985.9,0.88,False
2,18.98,72.84,13.0,3.25,6660.9,0.88,False
3,18.98,72.86,8.0,2.48,7056.1,0.88,False
4,18.98,72.88,0.0,0.39,8066.4,0.88,True
5,18.98,72.9,0.0,1.13,9497.5,0.88,True
6,18.98,72.92,0.0,1.97,11189.0,0.88,True
7,18.98,72.94,0.0,1.61,13040.0,0.88,True
8,18.98,72.96,0.0,0.28,14991.6,0.88,True
9,19.0,72.8,0.0,0.51,6201.1,0.88,True
10,19.0,72.82,10.0,2.03,4915.4,0.88,False
11,19.0,72.84,15.0,3.45,4441.4,0.72,False
12,19.0,72.86,12.0,2.88,5014.7,0.88,False
13,19.0,72.88,0.0,0.39,6358.1,0.88,True
14,19.0,72.9,6.0,1.73,8096.9,0.88,False
15,19.0,72.92,5.0,2.47,10027.5,0.88,False
16,19.0,72.94,0.0,1.61,12058.2,0.88,True
17,19.0,72.96,0.0,0.28,14145.9,0.88,True
18,19.02,72.8,0.0,0.51,4865.0,0.88,True
19,19.02,72.82,0.0,1.03,3062.1,0.88,True
20,19.02,72.84,11.0,3.05,2222.8,0.88,False
21,19.02,72.86,14.0,3.08,3219.0,0.88,False
22,19.02,72.88,4.0,0.79,5063.6,0.88,True
23,19.02,72.9,16.0,2.73,7125.6,0.72,False
24,19.02,72.92,94.0,11.37,9261.0,0.72,False
25,19.02,72.94,6.0,2.21,11428.7,0.88,False
26,19.02,72.96,0.0,0.28,13613.2,0.88,True
27,19.04,72.8,0.0,0.51,4329.0,0.88,True
28,19.04,72.82,0.0,1.03,2109.0,0.88,True
29,19.04,72.84,11.0,3.05,111.0,0.88,False
30,19.04,72.86,9.0,2.58,2331.0,0.88,False
31,19.04,72.88,3.0,0.69,4551.0,0.88,True
32,19.04,72.9,19.0,3.03,6771.0,0.72,False
33,19.04,72.92,22.0,4.17,8991.0,0.72,False
34,19.04,72.94,15.0,3.11,11211.0,0.72,False
35,19.04,72.96,6.0,0.88,13431.0,0.88,False
36,19.06,72.8,0.0,0.51,4865.0,0.88,True
37,19.06,72.82,0.0,1.03,3062.1,0.88,True
38,19.06,72.84,7.0,2.65,2222.8,0.88,False
39,19.06,72.86,9.0,2.58,3219.0,0.88,False
40,19.06,72.88,9.0,1.29,5063.6,0.88,False
41,19.06,72.9,15.0,2.63,7125.6,0.72,False
42,19.06,72.92,7.0,2.67,9261.0,0.88,False
43,19.06,72.94,6.0,2.21,11428.7,0.88,False
44,19.06,72.96,4.0,0.68,13613.2,0.88,True
45,19.08,72.8,0.0,0.51,6201.1,0.88,True
46,19.08,72.82,0.0,1.03,4915.4,0.88,True
47,19.08,72.84,12.0,3.15,4441.4,0.88,False
48,19.08,72.86,22.0,3.88,5014.7,0.72,False
49,19.08,72.88,9.0,1.29,6358.1,0.88,False
50,19.08,72.9,6.57,1.79,8096.9,0.88,False
51,19.08,72.92,23.2,4.29,10027.5,0.72,False
52,19.08,72.94,39.2,5.53,12058.2,0.72,False
53,19.08,72.96,55.2,5.8,14145.9,0.72,False
54,19.1,72.8,8.43,1.35,7943.3,0.88,False
55,19.1,72.82,8.43,1.88,6985.9,0.88,False
56,19.1,72.84,7.8,2.73,6660.9,0.88,False
57,19.1,72.86,7.23,2.4,7056.1,0.88,False
58,19.1,72.88,7.8,1.17,8066.4,0.88,False
59,19.1,72.9,8.43,1.98,9497.5,0.88,False
60,19.1,72.92,24.43,4.41,11189.0,0.72,False
61,19.1,72.94,40.43,5.66,13040.0,0.72,False
62,19.1,72.96,56.43,5.92,14991.6,0.72,False
63,19.12,72.8,9.73,1.48,9879.0,0.88,False
64,19.12,72.82,9.73,2.01,9127.0,0.88,False
65,19.12,72.84,9.73,2.92,8880.7,0.88,False
66,19.12,72.86,9.73,2.65,9180.8,0.88,False
67,19.12,72.88,9.73,1.37,9978.3,0.88,False
68,19.12,72.9,9.73,2.11,11167.0,0.88,False
69,19.12,72.92,25.73,4.54,12636.9,0.72,False
70,19.12,72.94,41.73,5.79,14301.8,0.72,False
71,19.12,72.96,57.73,6.05,16101.1,0.72,False
72,19.14,72.8,21.89,2.7,11914.3,0.72,False
73,19.14,72.82,21.89,3.22,11298.6,0.72,False
74,19.14,72.84,21.89,4.14,11100.6,0.72,False
75,19.14,72.86,21.89,3.87,11342.1,0.72,False
76,19.14,72.88,21.89,2.58,11996.7,0.72,False
77,19.14,72.9,21.89,3.32,13002.2,0.72,False
78,19.14,72.92,37.89,5.76,14284.5,0.72,False
79,19.14,72.94,53.89,7.0,15776.5,0.72,False
80,19.14,72.96,69.89,7.27,17424.2,0.72,False
81,19.16,72.8,32.78,3.79,14005.8,0.72,False
82,19.16,72.82,32.78,4.31,13485.9,0.72,False
83,19.16,72.84,32.78,5.23,13320.5,0.72,False
84,19.16,72.86,32.78,4.96,13522.4,0.72,False
85,19.16,72.88,32.78,3.67,14076.0,0.72,False
86,19.16,72.9,32.78,4.41,14942.2,0.72,False
87,19.16,72.92,48.78,6.85,16070.5,0.72,False
88,19.16,72.94,64.78,8.09,17410.0,0.72,False
89,19.16,72.96,80.78,8.36,18916.0,0.72,False
