timestamp,soil_moisture_0_to_7cm_m3m3,soil_moisture_7_to_28cm_m3m3,surface_pressure_hpa,relative_humidity_pct
2024-07-26T00:00,0.425,0.435,1000.7,85
2024-07-26T01:00,0.435,0.431,1000.9,92
2024-07-26T02:00,0.439,0.435,1001.3,93
2024-07-26T03:00,0.439,0.438,1002.3,92
2024-07-26T04:00,0.438,0.438,1002.5,92
2024-07-26T05:00,0.439,0.437,1002.6,92
2024-07-26T06:00,0.432,0.438,1002.4,91
2024-07-26T07:00,0.427,0.436,1002.0,86
2024-07-26T08:00,0.424,0.434,1001.6,82
2024-07-26T09:00,0.424,0.433,1000.9,83
2024-07-26T10:00,0.423,0.432,1000.3,84
2024-07-26T11:00,0.426,0.431,1000.1,87
2024-07-26T12:00,0.423,0.43,1000.2,86
2024-07-26T13:00,0.404,0.416,1001.5,86
2024-07-26T14:00,0.406,0.416,1001.7,86
2024-07-26T15:00,0.405,0.415,1002.1,84
2024-07-26T16:00,0.405,0.415,1002.7,84
2024-07-26T17:00,0.404,0.414,1003.2,80
2024-07-26T18:00,0.403,0.414,1003.1,83
2024-07-26T19:00,0.404,0.414,1002.5,82
2024-07-26T20:00,0.403,0.413,1002.0,82
2024-07-26T21:00,0.403,0.413,1001.3,85
2024-07-26T22:00,0.404,0.413,1001.4,82
2024-07-26T23:00,0.403,0.412,1001.6,80
2024-07-27T00:00,0.408,0.412,1002.0,84
2024-07-27T01:00,0.436,0.413,1002.8,91
2024-07-27T02:00,0.43,0.421,1003.2,86
2024-07-27T03:00,0.427,0.422,1003.6,86
2024-07-27T04:00,0.424,0.422,1003.7,83
2024-07-27T05:00,0.423,0.422,1003.7,83
2024-07-27T06:00,0.422,0.421,1003.5,83
2024-07-27T07:00,0.422,0.421,1002.8,81
2024-07-27T08:00,0.418,0.42,1002.5,79
2024-07-27T09:00,0.414,0.419,1001.8,78
2024-07-27T10:00,0.411,0.418,1001.3,77
2024-07-27T11:00,0.409,0.417,1001.1,78
2024-07-27T12:00,0.408,0.416,1000.8,77
2024-07-27T13:00,0.411,0.412,1001.6,86
2024-07-27T14:00,0.41,0.412,1001.8,87
2024-07-27T15:00,0.41,0.412,1002.2,87
2024-07-27T16:00,0.411,0.412,1002.7,88
2024-07-27T17:00,0.416,0.412,1003.0,90
2024-07-27T18:00,0.416,0.412,1002.3,86
2024-07-27T19:00,0.417,0.412,1001.7,85
2024-07-27T20:00,0.415,0.412,1001.0,84
2024-07-27T21:00,0.415,0.412,1000.4,89
2024-07-27T22:00,0.414,0.412,1000.1,86
2024-07-27T23:00,0.416,0.412,1000.2,87
2024-07-28T00:00,0.423,0.412,1000.4,91
2024-07-28T01:00,0.414,0.413,1000.5,86
2024-07-28T02:00,0.413,0.413,1001.2,86
2024-07-28T03:00,0.412,0.412,1001.3,85
2024-07-28T04:00,0.41,0.412,1001.4,82
2024-07-28T05:00,0.407,0.411,1001.5,79
2024-07-28T06:00,0.405,0.41,1001.3,78
2024-07-28T07:00,0.408,0.41,1000.7,81
2024-07-28T08:00,0.416,0.409,1000.0,90
2024-07-28T09:00,0.428,0.41,999.4,87
2024-07-28T10:00,0.433,0.413,999.0,87
2024-07-28T11:00,0.439,0.421,998.4,89
2024-07-28T12:00,0.431,0.425,997.9,89
2024-07-28T13:00,0.437,0.437,998.4,92
2024-07-28T14:00,0.436,0.439,998.9,91
2024-07-28T15:00,0.435,0.436,999.0,91
2024-07-28T16:00,0.435,0.435,999.4,92
2024-07-28T17:00,0.431,0.434,999.4,88
2024-07-28T18:00,0.426,0.432,999.1,88
2024-07-28T19:00,0.424,0.431,998.5,89
2024-07-28T20:00,0.424,0.43,998.0,87
2024-07-28T21:00,0.434,0.429,997.6,88
2024-07-28T22:00,0.439,0.433,997.5,89
2024-07-28T23:00,0.437,0.438,997.6,91
